position	ref	alt	rsid
73	A	G	rs3087742
146	T	C	rs371316536
150	C	T	rs28625645
152	T	C	rs117135796
189	A	G	rs28493303
195	T	C	rs2857291
199	T	C	rs28625647
204	T	C	rs28625648
207	G	A	rs28625649
263	A	G	rs2853499
295	C	T	rs371168143
310	T	C	rs376846471
489	T	C	rs2853500
709	G	A	rs2853502
750	A	G	rs2853503
769	G	A	rs2853504
825	T	A	rs28358574
1018	G	A	rs2853505
1438	A	G	rs2853506
1598	G	A	rs28499977
1719	G	A	rs28358576
1811	A	G	rs41341949
1888	G	A	rs28358577
2352	T	C	rs28358579
2706	A	G	rs2853507
2758	G	A	rs28358580
2885	T	C	rs28358582
3010	G	A	rs28358583
3197	T	C	rs28358584
3480	A	G	rs3899199
3594	C	T	rs41403847
4216	T	C	rs1599988
4529	A	T	rs28358586
4580	G	A	rs2857289
4769	A	G	rs3021086
4793	A	G	rs28358587
4917	A	G	rs28358588
5178	C	A	rs28358289
5231	G	A	rs28358589
5442	T	C	rs28358590
5460	G	A	rs28358591
5633	C	T	rs28358592
5899	T	C	rs28359173
6179	G	A	rs3899198
6221	T	C	rs28358593
6253	T	C	rs28358594
6371	T	C	rs28358595
6413	T	C	rs28359178
6446	G	A	rs41535848
6455	C	T	rs28358596
6719	T	C	rs28358598
7028	C	T	rs2015062
7146	A	G	rs28359170
7256	C	T	rs28358599
7476	C	T	rs28358600
7521	G	A	rs28358601
8251	G	A	rs28358602
8468	C	T	rs28358606
8655	C	T	rs28358608
8697	G	A	rs28358609
8701	A	G	rs2000975
8860	A	G	rs2001031
8994	G	A	rs28358610
9540	T	C	rs2853509
9950	T	C	rs28358612
10238	T	C	rs28358613
10310	G	A	rs28358614
10398	A	G	rs2853826
10400	C	T	rs28358278
10463	T	C	rs2853510
10550	A	G	rs28358615
10873	T	C	rs28358280
11002	A	G	rs28358616
11177	C	T	rs28358617
11251	A	G	rs2853511
11467	A	G	rs2853512
11719	G	A	rs2853513
11812	A	G	rs28358618
11914	G	A	rs28358619
12007	G	A	rs28358620
12308	A	G	rs2853514
12372	G	A	rs2853515
12612	A	G	rs28358622
12705	C	T	rs2853498
13368	G	A	rs28359167
13708	G	A	rs28359178
13759	G	A	rs28359168
13966	A	G	rs28358625
14034	T	C	rs28358626
14167	C	T	rs28358627
14233	A	G	rs28358628
14365	G	A	rs28358629
14470	T	C	rs28358630
14766	C	T	rs2853516
14783	T	C	rs28358631
14905	G	A	rs28358632
15043	G	A	rs28358633
15148	G	A	rs28358634
15218	A	G	rs28358635
15257	G	A	rs28358279
15301	G	A	rs28358636
15326	A	G	rs2853508
15452	C	A	rs28358569
15607	A	G	rs28358638
15622	A	G	rs28358639
15670	T	C	rs28358640
15758	A	G	rs28358641
15884	G	A	rs28358642
15904	C	T	rs28358643
15928	G	A	rs28358644
16051	A	G	rs28358645
16086	T	C	rs28358646
16093	T	C	rs2853518
16124	T	C	rs28358647
16126	T	C	rs2853519
16129	G	A	rs28358648
16145	G	A	rs28358649
16148	C	T	rs28358650
16153	G	A	rs28358651
16163	A	G	rs28358652
16172	T	C	rs28358653
16182	A	C	rs28358654
16183	A	C	rs28358655
16187	C	T	rs28358656
16189	T	C	rs2857290
16192	C	T	rs28358657
16209	T	C	rs28358658
16213	G	A	rs28358659
16214	C	T	rs28358660
16217	T	C	rs28358661
16223	C	T	rs2853520
16224	T	C	rs28358662
16230	A	G	rs28358663
16234	C	T	rs28358664
16249	T	C	rs28358665
16256	C	T	rs28358666
16261	C	T	rs2853521
16264	C	T	rs28358667
16270	C	T	rs28358668
16278	C	T	rs2853522
16290	C	T	rs28358669
16291	C	T	rs28358670
16292	C	T	rs28358671
16294	C	T	rs28358672
16296	C	T	rs28358673
16298	T	C	rs28358674
16304	T	C	rs28358675
16311	T	C	rs2853523
16319	G	A	rs28358676
16320	C	T	rs28358677
16325	T	C	rs28358678
16327	C	T	rs28358679
16342	T	C	rs28358680
16354	C	T	rs28358681
16355	C	T	rs28358682
16362	T	C	rs2853524
16390	G	A	rs28358683
16399	A	G	rs28358684
16519	T	C	rs3937033
